{"cameraMode":{"drawMode":0,"name":"Shaded","section":"Shading Mode"},"sceneLighting":true,"audioPlay":false,"sceneViewState":{"showFog":true,"showMaterialUpdate":false,"showSkybox":true,"showFlares":true,"showImageEffects":true,"showParticleSystems":true},"in2DMode":false,"pivot":{"x":26.2904052734375,"y":-13.42645263671875,"z":2.5441484451293947},"rotation":{"x":0.20270279049873353,"y":0.643063485622406,"z":-0.18213382363319398,"w":0.7156873941421509},"size":90.5140609741211,"orthographic":false}