{"cameraMode":{"drawMode":0,"name":"Shaded","section":"Shading Mode"},"sceneLighting":false,"audioPlay":false,"sceneViewState":{"showFog":true,"showMaterialUpdate":false,"showSkybox":false,"showFlares":true,"showImageEffects":true,"showParticleSystems":true},"in2DMode":false,"pivot":{"x":-4.880000114440918,"y":0.6200000047683716,"z":10.880000114440918},"rotation":{"x":0.021885838359594346,"y":0.6835232973098755,"z":-0.020511629059910775,"w":0.7293123006820679},"size":5.014731407165527,"orthographic":false}