{"cameraMode":{"drawMode":0,"name":"Shaded","section":"Shading Mode"},"sceneLighting":true,"audioPlay":false,"sceneViewState":{"showFog":true,"showMaterialUpdate":false,"showSkybox":true,"showFlares":true,"showImageEffects":true,"showParticleSystems":true},"in2DMode":false,"pivot":{"x":5.434026718139648,"y":2.444235324859619,"z":8.43114185333252},"rotation":{"x":0.09627023339271546,"y":0.5460335612297058,"z":-0.0633489266037941,"w":0.8297998905181885},"size":25.41720962524414,"orthographic":false}