{"cameraMode":{"drawMode":0,"name":"Shaded","section":"Shading Mode"},"sceneLighting":true,"audioPlay":false,"sceneViewState":{"showFog":true,"showMaterialUpdate":false,"showSkybox":true,"showFlares":true,"showImageEffects":true,"showParticleSystems":true},"in2DMode":false,"pivot":{"x":1.1853771209716797,"y":1.5157880783081055,"z":3.52529239654541},"rotation":{"x":0.15582296252250672,"y":-0.6440012454986572,"z":0.13625431060791017,"w":0.7364916205406189},"size":14.938310623168946,"orthographic":false}